
{
    "Height": 1.422005779,
    "Pulse_Rate": -0.552716457,
    "Hb": 0.747420788,
    "Cycle_length": 0.039038548,
    "Marriage_Status": 0.476934356,
    "FSH": 0.279675103,
    "PRL": -0.930706504,
    "PRG": -0.086805256,
    "RBS": -0.852965788,
    "Follicle No. (L)": 1.618989888,
    "Follicle No. (R)": 1.893977866,
    "Avg. F size (R) (mm)": 1.397317604,
    "Endometrium (mm)": 0.692011529,
    "Pregnant(Y\/N)": 1.0,
    "Weight gain(Y\/N)": 0.0,
    "hair growth(Y\/N)": 0.0,
    "Skin darkening (Y\/N)": 0.0,
    "Hair loss(Y\/N)": 1.0,
    "Pimples(Y\/N)": 1.0,
    "Fast food (Y\/N)": 1.0,
    "Reg.Exercise(Y\/N)": 0.0
}